Idol ID	Japanese Name	English Name	DOB
150	@キラリ	@Kirari
125	あーみぃ	Aamii	1991-11-30
7	愛	Ai	1992-07-20
8	藍	Ai	1997-06-20
12	愛	Ai
330	船岡愛	Ai Funaoka	2000-11-01
185	葉月あい	Ai Hadsuki	1995-09-22
199	花沢あい	Ai Hanazawa	1999-12-13
220	長谷川愛	Ai Hasegawa	1990-02-06
288	本城あい	Ai Honjou	1995-05-01
416	石川藍	Ai Ishikawa
473	鎌田愛	Ai Kamada	1993-10-23
616	北浦亜衣	Ai Kitaura	1998-12-17
619	清瀬あい	Ai Kiyose	1991-02-02
647	こみねあい	Ai Komine
678	神山あい	Ai Kouyama	1997-08-13
839	美咲あい	Ai Misaki	1996-06-01
849	美鈴愛	Ai Misuzu	1993-08-20
992	中野愛	Ai Nakano
1207	斉藤愛	Ai Saitou
1277	佐竹愛	Ai Satake
1285	佐藤亜衣	Ai Satou	1991-04-07
1353	篠崎愛	Ai Shinozaki	1992-02-26
1420	東海林藍	Ai Shouji	1998-05-22
1872	高梨あい	Ai Takanashi
1507	立石愛	Ai Tateishi
1623	八幡愛	Ai Yahata
1624	山田あい	Ai Yamada	1995-04-13
1630	山上愛	Ai Yamagami	1996-03-16
1632	山口藍	Ai Yamaguchi
1686	横山あい	Ai Yokoyama	1992-07-22
14	あいか	Aika
15	愛佳	Aika
23	あいか	Aika	1993-05-31
492	貫月愛華	Aika Kandsuki	1997-04-17
1121	小野愛果	Aika Ono
1168	尾崎愛花	Aika Ozaki
1244	桜木愛華	Aika Sakuragi	1996-04-27
1267	佐々木あいか	Aika Sasaki	1999-09-21
705	黒田愛姫	Aiki Kuroda	1994-05-24
396	稲垣愛子	Aiko Inagaki	1992-08-25
903	水沢あい子	Aiko Mizusawa
1528	徳田愛子	Aiko Tokuda	1991-11-09
284	本間愛美	Aimi Honma	1998-01-17
383	今井あいみ	Aimi Imai
389	今泉愛海	Aimi Imaizumi
955	本橋あいみ	Aimi Motohashi	2002-08-09
1405	鈴木あいみ	Aimi Suzuki
27	愛音	Aine
1073	野田愛乃	Aino Noda	1991-02-26
1101	岡田亜以乃	Aino Okada	1995-11-02
808	三花愛良	Aira Mihana	1994-05-30
1448	高見あいら	Aira Takami	1995-07-03
29	あいり	Airi	1998-06-04
136	朝倉愛理	Airi Asakura
169	海老原愛梨	Airi Ebihara	2000-08-04
327	福西あいり	Airi Fukunishi	1994-08-13
622	小林愛理	Airi Kobayashi
773	松本愛梨	Airi Matsumoto	1997-05-07
1862	桜あいり	Airi Sakura
1328	瀬戸あいり	Airi Seto	1998-11-03
1347	新川あいり	Airi Shinkawa	2000-11-18
1441	高畑愛理	Airi Takahata
1474	滝川愛莉	Airi Takigawa	2001-05-09
1642	山本愛莉	Airi Yamamoto	1992-04-28
1679	矢新愛梨	Airi Yashin	1998-08-04
508	神崎愛瑠	Airu Kanzaki	1996-05-13
883	水口愛琉	Airu Mizuguchi	2000-08-10
432	伊杉あかな	Akana Isugi
41	茜	Akane	1992-11-06
42	茜	Akane
480	神山あかね	Akane Kamiyama	2000-11-29
494	金子あかね	Akane Kaneko	1993-11-24
538	加藤茜	Akane Katou	1995-09-10
649	今あかね	Akane Kon
774	松本茜	Akane Matsumoto
851	三田あかね	Akane Mita	1996-01-17
1008	中島あかね	Akane Nakajima	1994-04-13
1084	小田茜	Akane Oda
1090	小笠原茜	Akane Ogasawara	1997-03-30
1464	武田明音	Akane Takeda	1994-11-22
1484	田辺茜	Akane Tanabe	1989-10-22
1560	土山茜	Akane Tsuchiyama
45	あかり	Akari
44	あかり	Akari
92	青山朱里	Akari Aoyama	2001-02-18
208	原口あかり	Akari Haraguchi	1999-01-05
366	飯沼朱李	Akari Iinuma	1997-10-29
550	川越あかり	Akari Kawagoe
819	南あかり	Akari Minami	1991-04-23
952	望月あかり	Akari Mochidsuki	1992-02-06
1208	斎藤朱莉	Akari Saitou	1989-10-30
401	椎名朱里	Akari Shiina	1998-09-21
131	浅井暁美	Akemi Asai
348	藤阪あき	Aki Fujisaka
357	五十嵐亜紀	Aki Igarashi
679	小山亜希	Aki Koyama	1988-07-02
1498	谷口あき	Aki Taniguchi	1997-10-11
759	増淵玲穂	Akiho Masubuchi	1995-07-06
242	早瀬あきな	Akina Hayase	1989-05-15
775	松本あきな	Akina Matsumoto
367	飯島明	Akira Iijima	1986-06-21
1158	大月あくあ	Akua Ootsuki	1997-12-15
1286	佐藤愛音	Amane Satou
65	あみ	Ami	1999-12-19
300	星川亜美	Ami Hoshikawa	1997-06-12
398	猪又彩実	Ami Inomata	1999-03-25
468	角濱亜美	Ami Kadohama	1998-10-09
885	実月亜美	Ami Mizuki	1990-12-13
1051	二宮亜美	Ami Ninomiya	2000-04-28
718	胡桃沢あみか	Amika Kurumizawa	1997-12-24
1604	渡辺彩美奈	Amina Watanabe
360	飯田愛美鈴	Amiri Iida	2000-07-05
576	香山あむ	Amu Kayama	2001-01-30
1736	あん	An
1837	小島あん	An Kojima
877	深雪杏	An Miyuki	1992-12-25
894	瑞野杏	An Mizuno	1999-10-30
1640	八巻杏	An Yamaki	1994-05-30
1808	阿部あんじゅ	Anju Abe
1838	香月杏珠	Anju Koutsuki
43	赤西安未	Anmi Akanishi	1993-11-10
1337	あんな	Anna
234	鉢嶺杏奈	Anna Hachimine	1989-07-19
539	加藤杏奈	Anna Katou	1995-09-19
577	佳山杏奈	Anna Kayama
638	小池安奈	Anna Koike
840	岬あんな	Anna Misaki	1994-10-12
1087	尾高杏奈	Anna Odaka	1990-06-28
1118	奥居杏南	Anna Okui	1997-07-12
1141	大西杏奈	Anna Oonishi	1994-08-15
1853	中村あのん	Anon Nakamura
680	小山杏梨	Anri Koyama	1993-12-25
1012	七海アンリ	Anri Nanami	2007-12-24
1870	立花あんり	Anri Tachibana
1704	唯川あんり	Anri Yuikawa	2001-07-29
85	あおい	Aoi
40	赤星葵	Aoi Akaboshi	1995-06-08
1825	池田あおい	Aoi Ikeda
425	石末葵	Aoi Ishizue	1986-12-16
442	伊藤あおい	Aoi Itou	1998-01-01
675	香坂葵	Aoi Kousaka
714	黒瀬葵	Aoi Kurose	2000-07-21
895	水野あおい	Aoi Mizuno
943	森田愛生	Aoi Morita	2003-04-06
1011	七星あおい	Aoi Nanahoshi	1992-09-23
1678	矢﨑葵	Aoi Yasaki	1999-03-28
1383	空野青空	Aozora Sorano
443	伊藤有里奈	Arina Itou
120	arisa	Arisa
119	愛理沙	Arisa
124	ありさ	Arisa
122	ありさ	Arisa
118	有沙	Arisa	1997-10-04
203	羽矢有佐	Arisa Haneya	1995-09-26
239	早尾有紗	Arisa Hayao	1994-06-02
435	一橋アリサ	Arisa Ichihashi
495	金子有紗	Arisa Kaneko	1991-06-17
765	町田亜莉沙	Arisa Machida	1993-11-17
764	町田有沙	Arisa Machida	1996-01-10
978	中込有梨沙	Arisa Nakagoshi	1989-09-26
1029	捺亜理沙	Arisa Natsu
1209	斉藤ありさ	Arisa Saitou
1346	新宮有咲	Arisa Shinguu
1406	鈴木亜理沙	Arisa Suzuki
1717	由良有里紗	Arisa Yura	1990-09-10
457	岩本ありす	Arisu Iwamoto	1992-08-23
253	東亜咲花	Asaka Higashi	2001-01-02
792	松崎浅香	Asaka Matsuzaki	1998-04-25
831	湊あさか	Asaka Minato
456	岩井あさみ	Asami Iwai
562	川上朝海	Asami Kawakami
652	近藤あさみ	Asami Kondou	2000-02-04
904	水沢亜咲美	Asami Mizusawa	1991-08-13
33	相沢明日香	Asuka Aizawa	1990-09-11
99	青空明日香	Asuka Aozora	2001-12-19
289	本上あすか	Asuka Honjou	1993-06-21
444	伊東明日香	Asuka Itou
460	泉明日香	Asuka Izumi	1992-09-20
467	壁野明日香	Asuka Kabeno	1991-08-21
870	宮田飛鳥	Asuka Miyata	1998-10-15
1122	小野明日香	Asuka Ono	1993-04-26
1287	佐藤明日香	Asuka Satou	1989-05-24
149	亜須美	Asumi
148	あすみ	Asumi
184	具志堅温子	Atsuko Gushiken	1990-03-20
1481	田村淳美	Atsumi Tamura	1988-06-13
152	彩	Aya
151	あや	Aya
132	浅香彩	Aya Asaka	1993-04-03
224	橋本彩	Aya Hashimoto	1989-03-21
372	池田アヤ	Aya Ikeda	1994-10-20
379	池谷吾也	Aya Iketani	1998-10-06
380	池内彩	Aya Ikeuchi	1989-10-17
410	石田彩	Aya Ishida	1999-06-24
445	伊藤彩	Aya Itou
540	加藤彩	Aya Katou	1990-06-28
710	黒宮あや	Aya Kuromiya	1998-11-28
1146	大島あや	Aya Ooshima
1230	坂田彩	Aya Sakata	1990-12-26
1251	櫻井あや	Aya Sakurai	1996-07-22
1455	宝田愛矢	Aya Takarada	1997-06-20
1469	竹本彩	Aya Takemoto	1991-07-09
1486	田中絢	Aya Tanaka	1995-07-24
1601	若菜彩	Aya Wakana
1688	吉田亜弥	Aya Yoshida	1990-04-28
153	あやか	Ayaka	1997-03-20
966	あやか	Ayaka
233	あやか	Ayaka
154	彩香	Ayaka
86	青木彩花	Ayaka Aoki
263	氷室朱華	Ayaka Himuro	1988-06-01
365	飯野綾香	Ayaka Iino
381	池澤あやか	Ayaka Ikezawa
413	石原彩加	Ayaka Ishihara
446	伊藤彩夏	Ayaka Itou	1993-06-21
531	春日彩香	Ayaka Kasuga	1998-05-08
689	工藤綾夏	Ayaka Kudou	1992-08-13
766	松原あやか	Ayaka Matsubara
1844	松本あやか	Ayaka Matsumoto
841	三咲あやか	Ayaka Misaki
856	三井綾夏	Ayaka Mitsui	1994-05-06
1114	沖田彩花	Ayaka Okita	2000-09-03
1152	大谷彩夏	Ayaka Ootani	1995-09-03
1201	佐伯彩果	Ayaka Saeki
1268	佐々木彩夏	Ayaka Sasaki	1996-06-11
1668	山崎彩夏	Ayaka Yamazaki	1989-05-13
368	飯島彩子	Ayako Iijima	1996-07-02
567	川奈綾恵	Ayame Kawana	1994-06-11
1539	東條恵芽	Ayame Toujou
1052	西文美	Ayami Nishi	1993-09-13
1566	上田あやみ	Ayami Ueda	1994-09-24
186	葉月彩菜	Ayana Hadsuki	1999-07-28
1743	城生綾菜	Ayana Jouno	1993-10-08
527	笠井綾那	Ayana Kasai
798	海月彩菜	Ayana Midsuki	1995-06-13
1059	西永彩奈	Ayana Nishinaga	1996-01-18
1102	岡田彩菜	Ayana Okada	1989-03-30
1133	大泉彩奈	Ayana Ooizumi
1229	坂根彩那	Ayana Sakane
116	有宮綾音	Ayane Arimiya
915	水谷彩音	Ayane Mizutani	2003-03-17
1350	篠宮彩音	Ayane Shinomiya
252	比嘉彩乃	Ayano Higa	1993-10-14
790	松山あやの	Ayano Matsuyama	1999-07-27
820	南彩乃	Ayano Minami	1994-08-27
854	未戸あやの	Ayano Mito	1995-05-09
1269	佐々木彩乃	Ayano Sasaki
1288	佐藤彩乃	Ayano Satou	1997-06-24
1676	鎗田彩野	Ayano Yarita	1988-03-08
1841	牧原あゆ	Ayu Makihara
1205	相良あゆ	Ayu Sagara
163	あゆか	Ayuka
1547	月野あゆか	Ayuka Tsukino	1997-09-15
1588	あゆみ	Ayumi
58	雨宮あゆみ	Ayumi Amamiya
1056	西久保あゆみ	Ayumi Nishikubo	1992-09-09
1302	沢口あゆみ	Ayumi Sawaguchi	1998-10-10
1397	杉本あゆみ	Ayumi Sugimoto
1737	柚木あゆみ	Ayumi Yuzuki	1996-10-30
1865	新芽歩	Ayumu Shinga
690	工藤あゆり	Ayuri Kudou	1993-06-24
269	平林あずみ	Azumi Hirabayashi
249	日美野梓	Azusa Hibino	1990-07-26
378	池村あずさ	Azusa Ikemura	1989-08-10
737	真中あずさ	Azusa Manaka
912	水島あずさ	Azusa Mizushima	2001-01-06
1085	小田あずさ	Azusa Oda	1994-01-10
1137	大倉梓	Azusa Ookura	1991-05-10
1430	高橋梓	Azusa Takahashi	1991-04-22
1459	高山梓	Azusa Takayama	1996-06-08
1465	武田梓	Azusa Takeda	1992-02-21
83	蒼井ちあき	Chiaki Aoi	1997-05-13
156	彩本千晶	Chiaki Ayamoto	1994-06-13
1621	八神千明	Chiaki Yagami
1028	成瀬ちづる	Chidsuru Naruse
1661	山崎ちづる	Chidsuru Yamasaki
1415	鈴木ちえ	Chie Suzuki	1992-11-10
1416	鈴木知恵	Chie Suzuki	1996-06-09
1075	野口ちえこ	Chieko Noguchi	1990-10-13
1462	高山智恵美	Chiemi Takayama
1520	千温	Chiharu	1992-08-12
1521	千温	Chiharu
1847	美咲千春	Chiharu Misaki
100	新垣ちひろ	Chihiro Aragaki
135	浅川千裕	Chihiro Asakawa
370	飯嶋千尋	Chihiro Iijima
408	伊坂ちひろ	Chihiro Isaka	2001-03-13
415	石井ちひろ	Chihiro Ishii	1997-10-16
1314	清野千尋	Chihiro Seino	1995-09-21
1364	白井千尋	Chihiro Shirai	1990-12-22
1552	月島千尋	chihiro Tsukishima	1996-06-05
1577	植野千尋	Chihiro Ueno	1991-06-19
1522	ちほ	Chiho
862	三浦千穂	Chiho Miura	1991-03-26
1523	ちほの	Chihono
113	荒川ちか	Chika Arakawa	1999-07-29
157	彩音ちか	Chika Ayane	1992-08-18
534	片沼知香	Chika Katanuma
575	川島千佳	Chika Kawashima	1990-03-11
1341	清水ちか	Chika Shimizu	1999-07-13
1250	桜木睦子	Chikako Sakuragi	1988-03-23
1559	土屋智華子	Chikako Tsuchiya	1997-05-16
830	水瀬千夏	Chinatsu Minase
1480	玉井ちなつ	Chinatsu Tamai	2000-02-19
1590	薄井千織	Chiori Usui	1994-02-12
1636	山口千里花	Chirika Yamaguchi	1989-09-20
13	藍原ちるみ	Chirumi Aihara
756	丸山知紗	Chisa Maruyama	1990-02-06
1524	千里	Chisato
391	今村千里	Chisato Imamura	1998-05-05
123	森川千里	Chisato Morikawa
1637	山口千結	Chiyui Yamaguchi	1994-05-09
105	クリス	Chris
167	COCORO	Cocoro	1996-11-22
171	EIREI	Eirei
174	遠藤恵美	Emi Endou	1996-08-11
776	松本映美	Emi Matsumoto
1225	坂本恵美	Emi Sakamoto	1989-09-03
1321	千堂絵美	Emi Sendou
1734	夕凪えみ	Emi Yuunagi	1992-11-20
1407	鈴木絵美華	Emika Suzuki	1990-07-14
535	片瀬えみな	Emina Katase	1996-02-03
924	百瀬エナ	Ena Momose	1997-08-12
338	藤エンリン	Enrin Fuji
1097	小木エレナ	Erena Ogi	1997-09-02
1123	小野恵令奈	Erena Ono
1714	夢本エレナ	Erena Yumemoto	1994-12-20
578	三咲エリ	Eri Misaki	1995-10-08
1001	中山笑里	Eri Nakayama
1054	西田エリ	Eri Nishida
1426	田川恵理	Eri Tagawa	1985-06-24
1633	山口えり	Eri Yamaguchi	1994-10-19
179	えりか	Erika
178	えりか	Erika	1996-10-02
180	えりか	Erika
244	えりか	Erika
177	青葉えりか	Erika Aoba	2002-05-10
87	青木絵梨花	Erika Aoki	1989-04-27
194	浜中エリカ	Erika Hamanaka	1996-09-24
384	今井えりか	Erika Imai
528	笠井恵利香	Erika Kasai	1996-06-25
607	桐山えりか	Erika Kiriyama
1044	二瓶絵里加	Erika Nihei	1992-12-08
1074	野口絵里香	Erika Noguchi
1153	大谷エリカ	Erika Ootani
1315	関恵理加	Erika Seki
1428	高田枝麗加	Erika Takada
1487	田中絵梨佳	Erika Tanaka	1988-01-12
1526	戸田恵梨香	Erika Toda	1988-08-17
1687	横山英里香	Erika Yokoyama	1995-05-09
399	井上恵理子	Eriko Inoue
905	水沢えり子	Eriko Mizusawa	1997-10-07
181	エリナ	Erina
204	原江理奈	Erina Hara
609	岸本えりな	Erina Kishimoto	1987-01-07
653	近藤えりな	Erina Kondou	1992-09-19
925	百瀬絵理奈	Erina Momose	1992-07-28
1092	小川絵理奈	Erina Ogawa	1990-12-25
1262	鮫島絵里奈	Erina Samejima	1989-08-01
1542	豊住恵里奈	Erina Toyozumi	1991-03-26
183	FUKI	Fuki
1060	富永ふみか	Fumika Tominaga	1997-06-28
1078	野呂史菜	Fumina Noro
329	ふみの	Fumino
1138	大峯ふたば	Futaba Oomine	1998-12-23
1855	西浜ふうか	Fuuka Nishihama
1510	立花風香	Fuuka Tachibana	1995-11-16
417	石川楓子	Fuuko Ishikawa	1995-10-25
871	宮崎ハーモニ	Haamoni Miyazaki	1989-12-18
189	はづき	Hadsuki
586	木村葉月	Hadsuki Kimura	2000-08-11
957	村上葉月	Hadsuki Murakami
980	中井葉月	Hadsuki Nakai	1995-12-07
196	はな	Hana
34	相澤はな	Hana Aizawa	1999-07-04
728	前田はな	Hana Maeda	1997-07-14
939	守咲初夏	Hana Morisaki	1995-07-03
1289	佐藤花	Hana Satou	1994-10-19
1305	沢木華	Hana Sawaki	1992-05-20
1738	柚木華	Hana Yuzuki	1998-12-10
195	はなえ	Hanae
886	水樹はなえ	Hanae Mizuki
1689	吉田華子	Hanako Yoshida
211	はる	Haru
303	星名はる	Haru Hoshina	2002-01-06
438	いちのせ遥愛	Harua Ichinose	1995-10-18
893	水黒遥日	Haruhi Mizukuro	1994-04-07
212	はるか	Haruka
213	はるか	Haruka
1822	本多晴夏	Haruka Honda
461	泉はるか	Haruka Izumi	1992-05-05
215	川崎はるか	Haruka Kawasaki
659	紺野はるか	Haruka Konno
697	倉澤遥	Haruka Kurasawa	2001-10-07
872	宮沢春香	Haruka Miyazawa	1998-07-12
922	百川晴香	Haruka Momokawa	1995-11-01
1127	大場はるか	Haruka Ooba	1993-10-04
1164	小佐野遥	Haruka Osano	1998-01-30
217	はるみ	Harumi	1995-06-13
1117	奥田晴美	Harumi Okuda	1991-04-16
71	杏野はるな	Haruna Anno	1988-04-09
102	荒井暖菜	Haruna Arai	2002-02-15
306	星野春菜	Haruna Hoshino	1987-05-04
355	伊吹陽菜	Haruna Ibuki	1999-01-21
385	今井春奈	Haruna Imai	1988-04-15
1564	辻本はつみ	Hatsumi Tsujimoto	1997-04-21
1318	関本英香	Hideka Sekimoto
103	新井ひいな	Hiina Arai	2000-01-18
35	亜沢光	Hikari Aizawa	1998-11-16
541	加藤陽香梨	Hikari Katou
729	前田光璃	Hikari Maeda
1033	夏風ひかり	Hikari Natsukaze	2000-06-25
1221	酒井ひかり	Hikari Sakai	1995-01-29
1543	椿ひかり	Hikari Tsubaki	1995-10-27
1634	山口ひかり	Hikari Yamaguchi	1991-11-20
1064	西海ひかる	Hikaru Nishiumi
1431	高橋ひかる	Hikaru Takahashi	1995-08-07
1047	新倉ひまり	Himari Niikura
256	ひめか	Himeka
257	ひめか	Himeka
1006	中沢ひめか	Himeka Nakazawa	1998-05-30
1476	滝井姫花	Himeka Takii	1991-08-09
1580	上杉ひめか	Himeka Uesugi	2003-03-04
1573	ひな	Hina
267	ひな	Hina
52	秋谷ひな	Hina Akiya	2004-10-28
1519	千ヶ崎ひな	Hina Chigasaki	2002-10-28
335	二葉姫奈	Hina Futaba	2001-10-06
197	華咲陽菜	Hina Hanasaki	2004-03-14
371	好貝ひな	Hina Ikai	1991-12-25
654	近藤ひな	Hina Kondou
993	中野ひな	Hina Nakano
1103	岡田陽菜	Hina Okada	1998-12-10
1245	桜木ひな	Hina Sakuragi	1999-08-27
1643	山本陽菜	Hina Yamamoto	1994-04-04
1726	結城ひな	Hina Yuuki	1998-09-04
1502	ひなの	Hinano
691	工藤ひなり	Hinari Kudou	2000-03-12
266	ひなた	Hinata	1994-09-17
265	ひなた	Hinata	1996-05-28
74	碧羽ひなた	Hinata Aoba	1997-11-09
642	小泉ひなた	Hinata Koizumi
1351	詩宮妃乃	Hino Shinomiya	2000-02-12
296	星ひらり	Hirari Hoshi	1998-02-20
660	紺野ひろ	Hiro Konno
274	ひろみ	Hiromi
275	ひろみ	Hiromi
982	中村広美	Hiromi Nakamura	1996-01-19
1839	工藤紘菜	Hirona Kudou
88	青木仁美	Hitomi Aoki	1990-07-02
93	青山ひとみ	Hitomi Aoyama	1998-08-18
126	浅田ひとみ	Hitomi Asada	1993-09-28
237	葉山ひとみ	Hitomi Hayama	1999-04-12
1832	川口ひとみ	Hitomi Kawaguchi
584	木川瞳	Hitomi Kigawa	1991-04-30
1007	中沢瞳	Hitomi Nakazawa
1058	西村一美	Hitomi Nishimura
1856	緒方瞳	Hitomi Ogata
1112	岡崎瞳	Hitomi Okazaki	1998-04-18
1266	笹渕瞳	Hitomi Sasabuchi	1991-08-17
1421	荘司瞳	Hitomi Shouji	1994-08-16
462	和泉ひより	Hiyori Izumi	1998-01-17
788	松浦ほなみ	Honami Matsuura	1993-10-19
1516	田島穂奈美	Honami Tajima	1988-11-08
67	安藤穂乃果	Honoka Andou	1999-06-02
164	鮎川穂乃果	Honoka Ayukawa	1994-06-20
464	伊集院穂ノ華	Honoka Ijuuin	1998-03-29
553	河合ほのか	Honoka Kawai
608	如月帆霞	Honoka Kisaragi	2004-07-22
671	河野ほのか	Honoka Kouno	1995-02-03
732	真希ほのか	Honoka Maki	1992-09-15
793	松崎ほのか	Honoka Matsuzaki	1996-04-14
994	中野ほのか	Honoka Nakano	1990-12-30
1220	坂口穂乃実	Honomi Sakaguchi	2000-07-06
1529	徳八蛍	Hotaru Tokuya	2000-10-08
433	いちご	Ichigo	1993-08-31
356	いちほ	Ichiho
1076	野村苺花	Ichika Nomura	2001-01-09
1641	八巻郁	Iku Yamaki	1988-11-15
542	加藤育実	Ikumi Katou
1312	星那育見	Ikumi Seina	1991-03-21
799	美月いろは	Iroha Midsuki
1589	嬉野色葉	Iroha Ureshino	1996-01-16
89	青木衣沙	Isa Aoki	1992-08-28
463	いずみ	Izumi
304	保科いずみ	Izumi Hoshina	1998-06-23
887	水城いずみ	Izumi Mizuki
1619	輪違泉実	Izumi Wachigai	1991-05-21
465	ジェシカ	Jessica	1994-01-28
466	珠里	July
455	じゅな	Juna
1578	上野じゅな	Juna Ueno	2002-01-22
283	本田珠利	Juri Honda	2002-02-17
287	本澤樹里	Juri Honzawa
422	石川樹莉	Juri Ishikawa
1088	小田島樹里	Juri Odajima
566	川村ジュリア	Juria Kawamura
1617	渡部樹里亜	Juria Watanabe	1992-11-11
1278	里佳津乃	Kadsuno Sato	1995-12-03
470	かえで	Kaede
469	かえで	Kaede
59	雨宮かえで	Kaede Amamiya	1994-12-03
225	橋本楓	Kaede Hashimoto	1997-01-21
721	草野楓	Kaede Kusano	1998-02-15
400	井上鑑	Kagami Inoue	1998-01-08
1329	月愛野神楽	Kagura Shiano	1992-06-21
472	華穂	Kaho	1996-11-12
1744	岩崎果歩	Kaho Iwasaki	1997-08-06
612	来生かほ	Kaho Kisugi	2001-06-28
1600	若林かほ	Kaho Wakabayashi	2000-08-09
800	美月海莉	Kairi Midsuki	1998-08-17
75	葵果子	Kako Aoi	1997-10-22
411	石田果子	Kako Ishida	1999-04-30
486	カナ	Kana
72	安西かな	Kana Anzai	1995-06-03
264	日向佳奈	Kana Hinata	2003-03-06
552	川原かな	Kana Kawahara	2001-09-22
623	小林加奈	Kana Kobayashi	1986-01-26
868	宮下香奈	Kana Miyashita
1120	奥ノ矢佳奈	Kana Okunoya	1995-10-13
1210	斉藤佳奈	Kana Saitou	1993-07-12
1456	高杉果那	Kana Takasugi
1727	結城夏那	Kana Yuuki	1993-11-29
777	松本果奈絵	Kanae Matsumoto	1989-03-31
814	未来かなえ	Kanae Miku	1991-10-09
1596	内山かなえ	Kanae Uchiyama	1992-05-08
182	江藤香奈子	Kanako Etou	1989-09-15
191	萩野可奈子	Kanako Hagino	1994-12-16
867	宮野可南子	Kanako Miyano	1987-12-16
1	あべかなみ	Kanami Abe	2000-04-13
488	かなる	Kanaru	2000-08-25
499	かんな	Kanna
498	カンナ	Kanna	1992-07-12
10	愛田かんな	Kanna Aida	1995-01-19
226	橋本環奈	Kanna Hashimoto	1999-02-03
597	金城完奈	Kanna Kinjou	1995-01-16
1852	中江かんな	Kanna Nakae
1447	高倉かんな	Kanna Takakura	1999-10-18
1270	佐々木香乃	Kano Sasaki
504	花暖	Kanon	1998-09-18
505	かのん	Kanon
506	かのん	Kanon
342	藤木華音	Kanon Fujiki	2000-08-07
880	大島かのん	Kanon Ooshima
1471	竹内かのん	Kanon Takeuchi
104	荒井香里	Kaori Arai	1991-09-03
353	藤代香織	Kaori Fujishiro	1990-09-20
509	神崎かおり	Kaori Kanzaki
655	近藤香織	Kaori Kondou
929	森香里	Kaori Mori
1151	大竹香織	Kaori Ootake	1989-02-01
1171	小関かおり	Kaori Ozeki	1989-12-16
1343	下村香織	Kaori Shimomura
1532	友平かおり	Kaori Tomohira	1989-11-28
1593	内田香織	Kaori Uchida
1659	山崎かおり	Kaori Yamasaki
906	水沢薫	Kaoru Mizusawa
1597	内山薫	Kaoru Uchiyama	1995-06-14
656	近藤薫子	Kaoruko Kondou	1993-02-25
520	かれん	Karen
63	甘利かれん	Karen Amari	1996-04-10
324	福本カレン	Karen Fukumoto	2000-07-10
238	葉山夏恋	Karen Hayama	2000-04-21
624	小林可憐	Karen Kobayashi	1994-06-09
625	小林かれん	Karen Kobayashi
866	美山加恋	Karen Miyama	1996-12-12
1061	西野花恋	Karen Nishino	1998-07-22
1538	東城かれん	Karen Toujou
521	入内島花梨	Karin	1997-12-20
1584	かりん	Karin
522	華燐	Karin	1994-12-15
523	かりん	Karin
524	かりん	Karin
24	愛希かりん	Karin Aiki	2001-12-15
850	三田佳凛	Karin Mita	1999-10-28
1290	佐藤かりん	Karin Satou	1992-01-21
127	浅田春日	Kasuga Asada
533	かすみ	Kasumi	1998-09-09
317	宝生かすみ	Kasumi Houshou	1992-05-08
626	小林架純	Kasumi Kobayashi	2000-05-06
768	松田かすみ	Kasumi Matsuda	1993-02-23
1408	鈴木かすみ	Kasumi Suzuki	1990-06-21
1427	高畠華澄	Kasumi Takabatake	1990-10-16
1875	徳本佳寿美	Kasumi Tokumoto
1554	角田香澄	Kasumi Tsunoda
1662	山下華代	Kayo Yamashita	1994-04-08
1663	山下佳代	Kayo Yamashita
418	石川和美	Kazumi Ishikawa	1991-03-05
1110	ケイ	Kei
1527	時任景子	Keiko Tokitou
627	小林恵奈	Keina Kobayashi	1994-05-07
702	栗原貴恵	Kie Kurihara	1990-03-28
592	きのこ	Kinoko	1994-10-29
439	一条希星	Kira Ichijou	1999-07-04
1013	七海きら	Kira Nanami	1993-10-17
599	きらね	Kirane
778	松本綺らら	Kirara Matsumoto	1996-03-29
911	水瀬きらら	Kirara Mizuse	1993-12-15
972	長島きらら	Kirara Nagashima
1470	竹村桐子	Kiriko Takemura	1993-01-29
428	磯崎きよみ	Kiyomi Isozaki	1991-12-29
76	青井こはる	Koharu Aoi	1999-02-26
114	有賀小陽	Koharu Ariga	1992-02-09
734	間宮小春	Koharu Mamiya	1996-12-16
1062	西野小春	Koharu Nishino	1996-08-24
1236	櫻小春	Koharu Sakura	1997-09-09
94	青山ここな	Kokona Aoyama	2003-11-11
1071	にじのここな	Kokona Nijino	2003-12-19
64	天地心	Kokoro Amachi
743	真野こころ	Kokoro Mano	1992-10-13
648	こもも	Komomo
651	小夏	Konatsu	1998-08-13
205	原小夏	Konatsu Hara	2001-07-14
90	青木このみ	Konomi Aoki
1451	高野琴華	Kotoka Takano	1997-06-04
1389	須田琴子	Kotoko Suda	1992-09-02
663	ことみ	Kotomi
133	浅香ことみ	Kotomi Asaka	1993-08-19
1409	鈴木ことみ	Kotomi Suzuki
757	正木琴菜	Kotona Masaki	1998-09-26
1715	夢乃琴音	Kotone Yumeno	1999-05-24
875	宮島琴乃	Kotono Miyajima
1488	田中こず恵	Kozue Tanaka
701	くれは	Kureha
36	相沢紅葉	Kureha Aizawa	1999-09-29
1316	くろま	Kuroma
717	くるみ	Kurumi
593	木下くるみ	Kurumi Kinoshita	1999-11-14
1848	宮丸くるみ	Kurumi Miyamaru
873	宮沢くるみ	Kurumi Miyazawa	1996-03-31
953	望月くるみ	Kurumi Mochidsuki	1997-09-02
1068	西島来美	Kurumi Nishijima	1992-01-17
1384	空野くるみ	Kurumi Sorano	2000-08-08
1618	大海原胡桃	Kurumi Watanohara	2005-11-05
801	美月きょうか	Kyouka Midsuki	2002-04-28
821	南杏佳	Kyouka Minami	1996-06-23
429	一色杏子	Kyouko Isshiki
725	Liz	Liz
726	麻亜里	Maari	1992-01-08
61	天野まあさ	Maasa Amano	1997-11-18
727	まぁや	Maaya
1432	高橋麻綾	Maaya Takahashi	1994-06-20
259	姫乃まどか	Madoka Himeno
1334	椎名まどか	Madoka Shiina
1402	諏訪円香	Madoka Suwa	1989-09-20
857	観月まひろ	Mahiro Mitsuki	2000-05-21
1271	佐々木まひろ	Mahiro Sasaki	1996-10-07
1713	夢原まひろ	Mahiro Yumehara	1999-10-15
730	真帆	Maho	1995-09-24
1819	姫野まほ	Maho Himeno
969	永瀬麻帆	Maho Nagase	1991-02-19
112	荒川真衣	Mai Arakawa
155	彩川まい	Mai Ayakawa
158	綾野まい	Mai Ayano	1992-11-14
373	池田舞	Mai Ikeda
447	伊藤麻衣	Mai Itou	1993-11-16
510	神崎舞姫	Mai Kanzaki	1998-03-09
865	雅舞	Mai Miyabi
896	水野舞	Mai Mizuno	1998-12-28
940	森下真依	Mai Morishita	1997-06-30
977	中川麻衣	Mai Nakagawa	1988-02-07
976	仲川舞	Mai Nakagawa
999	中谷まい	Mai Nakatani
1067	西崎まい	Mai Nishizaki
1142	大野まい	Mai Oono
1177	怜全麻伊	Mai Reizen	1994-07-31
1246	桜木舞	Mai Sakuragi	1989-04-29
1272	佐々木舞	Mai Sasaki	1995-06-24
1356	新城真衣	Mai Shinjou	2000-12-06
1382	園田眞依	Mai Sonoda
1433	高橋まい	Mai Takahashi	1996-09-30
1537	東峰舞	Mai Toomine
1605	渡辺麻衣	Mai Watanabe
1635	山口舞	Mai Yamaguchi	1991-12-20
1680	保田真愛	Mai Yasuda	1993-12-13
1690	吉田茉以	Mai Yoshida	1990-10-30
1707	湯川舞	Mai Yukawa	1990-07-16
665	まいか	Maika
1093	小川まい子	Maiko Ogawa	1998-06-03
1231	坂田麻衣子	Maiko Sakata	1986-06-22
206	原田舞美	Maimi Harada	1990-10-19
731	まいみん	Maimin
323	福見真紀	Maki Fukumi	1993-09-18
1222	榊まこ	Mako Sakaki	1999-12-02
1466	竹田真恋人	Makoto Takeda	1990-12-17
6	阿川麻美	Mami Agawa
339	藤江まみ	Mami Fujie
254	樋口真未	Mami Higuchi	1988-10-20
271	平松真実	Mami Hiramatsu
280	菱沼真美	Mami Hishinuma
614	北村真珠	Mami Kitamura	1998-08-22
1100	岡部真実	Mami Okabe
1517	田島麻美	Mami Tajima
1718	由良真実	Mami Yura
397	稲畑まみ子	Mamiko Inahata
1497	谷真美也	Mamiya Tani	1986-10-26
741	Mana	Mana
735	真奈	Mana	1994-01-16
341	藤可まな	Mana Fujika	1991-11-03
328	福沢まな	Mana Fukuzawa	1998-06-08
201	羽田愛菜	Mana Haneda	2002-02-09
606	桐沢真奈	Mana Kirisawa	2006-01-11
722	楠麻奈	Mana Kusunoki	1999-01-19
963	むとうまな	Mana Mutou	1988-10-15
1202	佐伯真奈	Mana Saeki
1291	佐藤茉来	Mana Satou	2001-04-04
1373	白鳥真奈	Mana Shiratori
1644	山本万菜	Mana Yamamoto
1739	柚木まな	Mana Yuzuki	1994-04-29
736	関愛永	Manae Seki	1996-11-25
738	まなか	Manaka
1669	山崎愛香	Manaka Yamazaki	1991-07-30
740	まなみ	Manami
739	まなみ	Manami
1831	春日まなみ	Manami Kasuga
628	小林真奈美	Manami Kobayashi
715	黒瀬真奈美	Manami Kurose
941	森下真奈美	Manami Morishita	1987-07-15
970	長瀬麻奈美	Manami Nagase
1549	月島愛美	Manami Tsukishima
1562	津々浦愛美	Manami Tsutsuura	1994-01-26
745	まお	Mao
746	まお	Mao
352	藤澤まお	Mao Fujisawa
483	上條真生	Mao Kamijou	1991-02-15
629	小林万桜	Mao Kobayashi	1992-01-12
698	倉田麻央	Mao Kurata
1422	祝印真央	Mao Shukuin	1997-02-25
747	麻里	Mari	1997-01-10
554	河合麻里	Mari Kawai	1999-09-22
574	川島麻利	Mari Kawashima	1993-06-22
585	菊池麻里	Mari Kikuchi	1997-10-28
685	久保川真吏	Mari Kubokawa	1989-06-02
1511	橘真理	Mari Tachibana	1992-09-27
1631	山岸まり	Mari Yamagishi
748	まりあ	Maria	2000-06-03
511	管崎マリア	Maria Kanzaki
913	水嶋真理亜	Maria Mizushima	2000-01-12
1023	南城マリア	Maria Nanjou	1995-09-02
1115	沖田真里杏	Maria Okita	1998-04-13
1276	笹島まりあ	Maria Sasajima
1585	海野真理亜	Maria Umino	1995-11-02
568	川西真利江	Marie Kawanishi
749	まりか	Marika
802	美月まりか	Marika Midsuki	1997-05-10
1104	岡田まりか	Marika Okada	1988-09-09
1365	白石まりか	Marika Shiraishi	1988-05-04
750	まりこ	Mariko
424	石坂麻理子	Mariko Ishizaka
1300	沢田真理子	Mariko Sawada
1330	柴崎茉莉子	Mariko Shibazaki
1842	マリン	Marin
543	加藤まりん	Marin Katou	1998-03-28
946	森谷まりん	Marin Moriya
1871	田口まりん	Marin Taguchi
1477	滝沢マリン	Marin Takizawa	1995-07-14
1557	土屋真凜	Marin Tsuchiya	2002-07-09
193	濱口万里奈	Marina Hamaguchi	1995-06-04
386	今井麻理奈	Marina Imai
448	伊藤万里菜	Marina Itou	1998-06-27
525	笠原麻理奈	Marina Kasahara
669	高潔まりな	Marina Kouketsu	1991-12-21
1620	矢部まりな	Marina Yabe	1997-11-22
1645	山本麻里菜	Marina Yamamoto	1994-04-16
751	Maru	Maru
394	稲葉雅人	Masato Inaba
1879	渡辺まとい	Matoi Watanabe
1211	斉藤茉莉	Matsuri Saitou
1159	大空舞	Mau Oozora	1998-04-04
794	まや	Maya
387	今井まや	Maya Imai	1997-01-12
676	香坂まや	Maya Kousaka	1997-08-25
822	南麻文	Maya Minami	1991-11-25
1264	早乙女舞彩	Maya Saotome	2000-05-16
1273	佐々木麻耶	Maya Sasaki
1606	渡辺麻耶	Maya Watanabe	1987-11-16
141	麻丘まゆ	Mayu Asaoka
285	本間まゆ	Mayu Honma	1993-09-28
1833	河合真由	Mayu Kawai
907	水沢まゆ	Mayu Mizusawa
947	森山真有	Mayu Moriyama	1994-09-05
1237	さくらまゆ	Mayu Sakura	1995-04-21
1338	清水まゆ	Mayu Shimizu	1995-11-14
1475	滝川まゆ	Mayu Takigawa	1994-09-28
1574	上野愛結	Mayu Ueno	1996-03-08
1591	臼坂まゆ	Mayu Usuzaka	1997-12-13
934	森部万友佳	Mayuka Moribe	1993-01-18
363	飯村真悠子	Mayuko Iimura	1992-06-11
1581	上杉まゆみ	Mayumi Uesugi	1996-01-26
1651	山中真由美	Mayumi Yamanaka	1993-03-02
1703	吉沢真由美	Mayumi Yoshizawa	1995-06-24
187	葉月めぐ	Megu Hadsuki	1995-08-14
1105	岡田めぐ	Megu Okada	1999-09-07
1354	篠崎めぐ	Megu Shinozaki
1817	原めぐみ	Megumi Hara
374	池田愛	Megumi Ikeda	1988-01-18
1238	佐倉めぐみ	Megumi Sakura	1990-07-20
1247	桜木めぐみ	Megumi Sakuragi
1434	高橋恵	Megumi Takahashi
1696	吉村めぐみ	Megumi Yoshimura	2000-10-02
173	江夏めぐる	Meguru Enatsu
16	逢川めい	Mei Aikawa	1994-12-29
30	愛坂めい	Mei Aisaka	1995-05-15
500	神野愛依	Mei Kanno
1086	織田芽以	Mei Oda	2002-01-14
1299	五月めい	Mei Satsuki
333	古田愛依華	Meika Furuta	1999-06-16
823	水波メイカ	Meika Minami	1998-01-25
958	村上芽夢	Meimi Murakami	1999-06-15
795	めもら	Memora
1223	榊芽里	Meri Sakaki
1550	月島メル	Meru Tsukishima	2001-06-29
1677	八坂芽留	Meru Yasaka
796	Mey	Mey	2004-03-10
613	北原みあ	Mia Kitahara	1996-09-02
852	美愛	Michika	1991-11-11
995	中野美智佳	Michika Nakano	1992-10-25
853	みちこ	Michiko
1692	吉田みちこ	Michiko Yoshida
325	福本みちる	Michiru Fukumoto	1997-04-03
752	丸河ミチル	Michiru Marukawa	1997-02-22
1657	山野みどり	Midori Yamano	1989-11-27
1658	山岡みどり	Midori Yamaoka	1990-11-25
292	堀内美月	Midsuki Horiuchi	1997-10-29
475	神谷美月	Midsuki Kamiya
536	片瀬美月	Midsuki Katase
544	加藤美月	Midsuki Katou	1996-01-26
644	小松美月	Midsuki Komatsu	1997-05-02
1148	大島美津樹	Midsuki Ooshima	1988-05-06
1147	大島瑞希	Midsuki Ooshima
1394	菅澤美月	Midsuki Sugasawa	1992-06-24
1540	戸谷美月	Midsuki Toya	1995-07-20
1705	結木美月	Midsuki Yuiki	1995-12-14
897	水野みえ	Mie Mizuno	1996-05-15
1252	桜井美春	Miharu Sakurai	1990-03-18
496	金子美穂	Miho Kaneko	1996-10-13
571	川崎美穂	Miho Kawasaki	1998-02-14
677	幸地美穂	Miho Kouchi	1988-03-31
694	熊谷美穂	Miho Kumagai	1989-02-07
712	黒崎美穂	Miho Kurosaki	1993-07-10
786	松嶋海帆	Miho Matsushima
787	松下美保	Miho Matsushita	1991-08-24
884	水口美穂	Miho Mizuguchi	1996-03-08
991	中西未歩	Miho Nakanishi	2001-12-15
1024	成田みほ	Miho Narita	2000-03-13
1395	菅谷美穂	Miho Sugaya	1994-08-13
1442	高井みほ	Miho Takai	1990-05-28
1670	山崎美穂	Miho Yamazaki
1681	安田美穂	Miho Yasuda
142	浅岡美穂里	Mihori Asaoka	1989-06-07
809	み～こ	Miiko
666	みいな	Miina
440	一条美衣奈	Miina Ichijou	1994-03-30
1876	椿美衣奈	Miina Tsubaki
28	愛乃みか	Mika Aino
227	端元みか	Mika Hashimoto
1821	久川美佳	Mika Hisakawa
459	岩田現郁	Mika Iwata	1995-01-27
657	近藤ミカ	Mika Kondou
1031	夏川みか	Mika Natsukawa
1281	里中美香	Mika Satonaka	1993-02-04
1345	神道美花	Mika Shindou	1998-11-15
1501	谷原美嘉	Mika Tanihara	1993-12-09
810	美可子	Mikako
1167	小山美可子	Mikako Oyama
137	朝倉みかん	Mikan Asakura	1992-12-11
813	美季	Miki
1575	みき	Miki
630	みき	Miki
545	加藤実稀	Miki Katou	1993-12-01
587	木村美樹	Miki Kimura	1991-12-09
617	北島ミキ	Miki Kitajima	1996-06-27
631	小林美稀	Miki Kobayashi	1995-12-05
767	松原美樹	Miki Matsubara	1995-04-07
1002	中山美紀	Miki Nakayama
1607	渡辺美紀	Miki Watanabe
307	星野美琴	Mikoto Hoshino
1128	大羽みこと	Mikoto Ooba	2000-03-29
815	未来	Miku
26	愛那未来	Miku Aina	1993-06-21
412	石田未来	Miku Ishida	1988-06-15
532	春日未来	Miku Kasuga	1994-12-24
1106	岡田未来	Miku Okada	1992-11-25
1253	桜井未來	Miku Sakurai	1993-12-02
1303	沢井みく	Miku Sawai	2000-04-26
1454	高岡未來	Miku Takaoka	1994-12-10
1592	歌代ミク	Miku Utashiro	2002-01-12
1691	吉田未来	Miku Yoshida	1997-09-11
1379	静実芽	Mime Shizuka	1994-09-23
1040	猫みみ	Mimi Neko
1457	高杉美々羽	Mimiha Takasugi	2003-12-18
1323	芹澤みもり	Mimori Serizawa
829	みな	Mina
816	Mina	Mina	1992-01-11
818	みな	Mina
471	加護野みな	Mina Kagono	1999-03-29
476	神谷みな	Mina Kamiya
490	神田美菜	Mina Kanda
699	倉田みな	Mina Kurata	1991-07-04
1094	小川未菜	Mina Ogawa	1993-03-03
1435	高橋未奈	Mina Takahashi	1997-01-04
228	橋本みな子	Minako Hashimoto	1996-10-17
762	升水美奈子	Minako Masumizu
18	相川みなみ	Minami Aikawa
17	相川南	Minami Aikawa	2001-08-28
347	藤岡みなみ	Minami Fujioka	1988-08-09
349	藤咲みなみ	Minami Fujisaki
276	広丘みなみ	Minami Hirooka	1996-03-19
390	今村南	Minami Imamura	1989-12-22
1027	成瀬みなみ	Minami Naruse	1999-06-22
1858	岡田南	Minami Okada
1156	大塚みなみ	Minami Ootsuka	1992-04-29
1324	芹沢南	Minami Serizawa	1996-07-16
1512	橘みなみ	Minami Tachibana
1472	滝みなみ	Minami Taki	1989-12-14
1558	土屋南	Minami Tsuchiya	1989-04-05
833	聖夏	Minatsu	1993-07-14
507	叶みのり	Minori Kanou
1666	山津美乃莉	Minori Yamatsu	1988-11-09
121	有坂美緒	Mio Arisaka	2001-12-26
354	藤谷澪	Mio Fujitani	2000-05-20
291	堀井見緒	Mio Horii	1985-08-17
1824	五十嵐美織	Mio Igarashi
489	金谷美緒	Mio Kanaya	1993-02-24
548	葛迫澪	Mio Katsurasako	1990-09-04
611	木住野みお	Mio Kishino	2003-03-03
1260	桜山澪	Mio Sakurayama	1997-06-05
1339	清水澪	Mio Shimizu
1485	田辺みお	Mio Tanabe	1993-10-19
1728	優希美青	Mio Yuuki	1999-04-05
1163	小坂澪香	Mioka Osaka	1996-03-14
834	みおん	Mion
1489	田中美音	Mion Tanaka
409	伊澤未来	Mirai Isawa	2000-07-16
1089	尾上未来	Mirai Ogami	2000-01-11
1340	清水美蘭	Miran Shimizu	2000-05-20
1625	山田みらの	Mirano Yamada	1994-09-18
835	みれい	Mirei
245	林美玲	Mirei Hayashi	1998-10-09
1398	杉村ミレイ	Mirei Sugimura	1993-04-14
1239	佐倉みり	Miri Sakura
836	みりあ	Miria
69	杏夏ミリア	Miria Anna	1992-12-10
1053	西美梨菜	Mirina Nishi	1991-09-29
837	Miru	Miru
1834	河村みるく	Miruku Kawamura
95	青山実紗	Misa Aoyama	1990-08-16
362	飯塚実紗	Misa Iidsuka
1017	七瀬実紗	Misa Nanase	1991-08-16
1859	尾野寺みさ	Misa Onodeda
1155	大津みさ	Misa Ootsu	1994-03-20
1331	渋木美沙	Misa Shibuki
838	美咲姫	Misaki
844	美沙希	Misaki
845	みさき	Misaki
846	みさき	Misaki
37	相澤岬	Misaki Aizawa
1813	有川美咲	Misaki Arikawa
337	普天間みさき	Misaki Futenma	1993-09-22
218	春名美咲	Misaki Haruna	1993-07-18
240	早坂美咲	Misaki Hayasaka	2001-10-29
406	入野美咲	Misaki Irino
481	神山美沙季	Misaki Kamiyama
555	河井美咲	Misaki Kawai	1991-10-17
564	川北美咲	Misaki Kawakita	1990-11-12
650	小仲美咲	Misaki Konaka
672	幸野美咲	Misaki Kouno	1999-08-17
930	森実咲	Misaki Mori	1995-08-01
1003	中山美紗紀	Misaki Nakayama
1170	小沢岬	Misaki Ozawa	1999-08-26
1603	渡部美咲	Misaki Watabe	1998-07-30
1700	よしの美咲	Misaki Yoshino
704	栗田美咲子	Misako Kurita	1993-12-25
847	美里	Misato
1827	伊藤みさと	Misato Itou
1166	扇ミサト	Misato Ougi	1993-07-25
1513	立花美空	Misora Tachibana	1993-12-14
144	芦田実沙寿	Misuzu Ashida	1993-11-29
430	一色海鈴	Misuzu Isshiki	1997-06-13
1491	田中美鈴	Misuzu Tanaka
1490	田中美鈴	Misuzu Tanaka	1997-10-03
1682	保田みすず	Misuzu Yasuda	1999-01-13
855	みと	Mito
202	光希	Mitsuki
858	みつき	Mitsuki
581	風間美月	Mitsuki Kazama	1995-03-28
598	木織満月	Mitsuki Kiori
1399	杉野光希	Mitsuki Sugino	1991-01-22
864	みう	Miu
859	実優	Miu
77	あおい美海	Miu Aoi	1991-07-22
129	朝日奈美海	Miu Asahina	2003-07-26
984	仲村みう	Miu Nakamura	1991-03-14
1072	虹野美卯	Miu Nijino
1248	桜貴みぅ	Miu Sakuragi	1989-11-28
1374	白鳥美海	Miu Shiratori	1994-09-20
1385	そらのみう	Miu Sorano	2002-09-18
1874	竹下美羽	Miu Takeshita
1598	内山美海	Miu Uchiyama	1998-02-26
1729	結城みう	Miu Yuuki
78	青井みわ	Miwa Aoi	2001-08-31
1534	戸内美和	Miwa Tonouchi
742	真間美也	Miya Manma	1997-02-01
1025	成田みや	Miya Narita	2002-10-20
1695	吉川雅	Miyabi Yoshikawa
1381	薗部みよ	Miyo Sonobe	1989-04-23
881	みゆ	Miyu
301	星川美悠	Miyu Hoshikawa
556	川相みゆ	Miyu Kawai
645	小松美優	Miyu Komatsu	1989-10-20
1212	斎藤未裕	Miyu Saitou	1989-06-18
1386	外原美結	Miyu Sotohara	1996-01-10
1392	末永みゆ	Miyu Suenaga	1995-11-04
1595	内満みゆ	Miyu Uchimitsu	1998-06-08
1608	渡辺未優	Miyu Watanabe	1991-02-22
1622	柳生美結	Miyu Yagyuu	1990-10-20
720	みゆい	Miyui
1664	みゆき	Miyuki
879	みゆき	Miyuki
878	深雪	Miyuki	1992-11-28
166	伴美幸	Miyuki Ban	1993-10-14
667	甲田美雪	Miyuki Kouda
779	松本美夢希	Miyuki Matsumoto	1991-04-21
996	なかのみゆき	Miyuki Nakano
1254	桜井みゆき	Miyuki Sakurai
1317	関実有紀	Miyuki Seki
1362	塩沢みゆき	Miyuki Shiozawa	1993-03-08
1452	高野美雪	Miyuki Takano	1992-03-14
882	みゆう	Miyuu
308	未由	Miyuu
146	麻生みゆう	Miyuu Asou	1991-11-05
297	星☆美優	Miyuu Hoshi	1998-03-10
512	神崎美優	Miyuu Kanzaki	1994-01-20
570	川野美悠	Miyuu Kawano	1989-05-25
1274	佐々木みゆう	Miyuu Sasaki	1998-10-07
973	長島瑞穂	Mizuho Nagashima	1995-09-14
1424	多田瑞穂	Mizuho Tada	1991-08-25
758	みずき	Mizuki
50	秋乃みずき	Mizuki Akino
115	有川瑞希	Mizuki Arikawa	1993-10-11
332	古井みずき	Mizuki Furui	1996-05-15
192	浜田美沙樹	Mizuki Hamada	1996-04-15
246	林瑞稀	Mizuki Hayashi	1995-04-06
1741	實形瑞希	Mizuki Jitsukata	1993-12-25
686	窪田瑞希	Mizuki Kubota
1292	佐藤瑞希	Mizuki Satou
1361	塩谷瑞季	Mizuki Shiotani
1531	友部瑞己	Mizuki Tomobe	1991-09-23
1609	渡邊瑞季	Mizuki Watanabe
1610	渡部瑞貴	Mizuki Watanabe	1988-04-30
19	愛川萌	Moe Aikawa	1992-09-21
260	姫野もえ	Moe Himeno	2003-09-07
519	唐沢もえ	Moe Karasawa	1992-06-19
603	桐村萌絵	Moe Kirimura	1989-09-13
684	久保萌	Moe Kubo	1992-07-18
888	瑞稀もえ	Moe Mizuki	1997-05-08
1161	織咲もえ	Moe Orisaki	1999-09-10
1265	早乙女萌	Moe Saotome	1994-11-15
53	秋山萌子	Moeko Akiyama
591	木並萌子	Moeko Kinami
918	もえな	Moena
1602	和久萌里	Moeri Waku	1990-12-28
537	片瀬桃	Momo Katase	1994-08-06
1213	斉藤桃	Momo Saitou	1995-03-25
1293	佐藤桃	Momo Satou
1325	芹沢百々	Momo Serizawa	1999-02-14
1369	白川桃	Momo Shirakawa
1391	末木もも	Momo Sueki	2001-12-25
920	ももあ	Momoa
921	ももか	Momoka
2	阿部百華	Momoka Abe	2005-04-15
25	相見桃香	Momoka Aimi	1995-03-31
594	木下百花	Momoka Kinoshita
632	小林桃華	Momoka Kobayashi	2001-08-25
1108	岡本桃佳	Momoka Okamoto	2001-11-20
1863	佐々木桃華	Momoka Sasaki
1294	佐藤桃香	Momoka Satou	1998-12-03
803	水月桃子	Momoko Midsuki
812	三輝桃子	Momoko Miki	1996-10-20
1295	佐藤桃子	Momoko Satou	1990-02-10
1473	滝ももこ	Momoko Taki	1992-12-21
1499	谷口桃子	Momoko Taniguchi
1665	山下桃奈	Momona Yamashita	1993-01-05
1134	大川茂奈美	Monami Ookawa
1548	月岡萌音	Mone Tsukioka	2000-01-24
1599	和田杜莉	Mori Wada	1991-04-09
975	内藤もゆの	Moyuno Naitou	1996-05-04
1877	筒井麦	Mugi Tsutsui
964	むつみ	Mutsumi
1446	高久那蔦	Nachi Takaku	1988-07-06
974	なぎさ	Nagisa
3	安谷屋なぎさ	Nagisa Adaniya	1990-10-11
236	服部渚紗	Nagisa Hattori	1999-12-27
258	姫宮なぎさ	Nagisa Himemiya
270	平井渚	Nagisa Hirai	1995-06-06
1826	池田なぎさ	Nagisa Ikeda
557	河合なぎさ	Nagisa Kawai	1998-05-20
1111	岡野なぎさ	Nagisa Okano	2002-04-14
1453	高野渚	Nagisa Takano	2002-04-15
286	本間菜穂	Naho Honma	2004-04-02
908	水沢奈子	Nako Mizusawa	1993-10-01
1009	なみ	Nami
143	浅岡なみ	Nami Asaoka	1994-10-01
942	森下菜美	Nami Morishita	1993-10-06
1057	西森なみ	Nami Nishimori	1996-09-30
1130	大江直美	Nami Ooe
1203	佐伯奈美	Nami Saeki	1994-07-06
1565	辻内南季	Namiki Tsujiuchi	1986-12-31
1010	ナナ	Nana
1021	ナナ	Nana
320	深瀬なな	Nana Fukase	2000-02-16
235	鉢嶺七奈	Nana Hachimine	1991-07-31
219	春野奈々	Nana Haruno	2001-11-12
664	小鳥なな	Nana Kotori	2000-01-11
706	黒川なな	Nana Kurokawa
960	村松奈々	Nana Muramatsu	2004-02-22
1199	三枝菜々	Nana Saegusa	2000-04-11
1492	田中菜々	Nana Tanaka	1996-06-25
96	青山ななえ	Nanae Aoyama	1999-03-10
848	三瀬奈々絵	Nanae Mise
1048	新見ななえ	Nanae Niimi	2000-09-06
1235	咲田ななえ	Nanae Sakita
1049	新実菜々子	Nanako Niimi	1993-08-21
1014	ななみ	Nanami
145	芦澤七海	Nanami Ashizawa	1995-06-30
216	東風七海	Nanami Harukaze	1998-03-10
282	穂刈ななみ	Nanami Hokari	2002-07-26
392	井本七海	Nanami Imoto	1996-05-09
482	神山ななみ	Nanami Kamiyama	2003-06-09
1154	大谷奈那実	Nanami Ootani	1990-02-22
1375	白鳥七海	Nanami Shiratori
1869	杉浦ななみ	Nanami Sugiura
1478	滝澤七海	Nanami Takizawa	2002-08-29
62	天野奈々里	Nanari Amano
402	井上七星	Nanase Inoue	1993-08-31
938	守永七彩	Nanase Morinaga	1998-05-12
159	綾瀬なお	Nao Ayase
427	磯野奈央	Nao Isono
695	倉門奈央	Nao Kurakado	1993-12-28
842	美咲奈緒	Nao Misaki	1996-03-24
1129	大場なお	Nao Ooba	1991-11-26
1567	上田奈緒	Nao Ueda	1989-07-29
170	江田直子	Naoko Eda	1995-12-17
419	石川直美	Naomi Ishikawa	1991-03-05
595	木下尚美	Naomi Kinoshita	1991-12-24
1410	鈴木直美	Naomi Suzuki	1991-08-06
1812	青山愛美	Narumi Aoyama
661	近野成美	Narumi Konno	1988-09-18
1139	大森なるみ	Narumi Oomori	1995-09-07
1030	なつ	Natsu	1992-07-22
395	いなばなつ	Natsu Inaba	1999-04-02
1404	涼川夏飛	Natsuhi Suzukawa	1992-08-19
1809	愛田夏加	Natsuka Aida
1034	夏輝	Natsuki
601	桐原夏季	Natsuki Kirihara	1994-07-22
1109	岡本奈月	Natsuki Okamoto	1989-09-13
1162	折谷夏希	Natsuki Oritani	1991-06-05
1701	吉岡なつき	Natsuki Yoshioka	1996-08-29
1035	なつこ	Natsuko	1995-01-09
898	水野なつ子	Natsuko Mizuno	1998-06-20
1037	なつみ	Natsumi
1038	なつみ	Natsumi
66	杏なつみ	Natsumi An	1995-07-19
345	ふじむらナツミ	Natsumi Fujimura
369	飯島夏美	Natsumi Iijima	1994-06-16
602	桐原なつ美	Natsumi Kirihara
620	清浦夏実	Natsumi Kiyoura	1990-07-04
755	丸山奈津美	Natsumi Maruyama	1998-07-05
926	桃瀬なつみ	Natsumi Momose	1996-04-04
1119	奥村夏未	Natsumi Okumura	1992-09-14
1132	大石夏美	Natsumi Ooishi
1224	榊夏海	Natsumi Sakaki	1996-08-06
1423	首藤なつみ	Natsumi Shutou	1997-07-23
1518	田島奈摘	Natsumi Tajima	1992-06-15
1493	田中奈津美	Natsumi Tanaka	1985-04-20
309	星乃美夢	Nemu Hoshino	1998-05-09
1041	NENE	Nene	2005-02-28
1042	寧々	Nene
4	安達音々	Nene Adachi	1999-12-23
636	来河希音	Nene Koga
1043	にあ	Nia
1482	にじか	Nijika
221	長谷川にか	Nika Hasegawa	1994-12-29
305	星七虹心	Niko Hoshina	2005-06-04
1165	落合仁菜	Nina Ochiai
832	港乃碧	Noa Minato	1998-12-05
1255	桜井のあ	Noa Sakurai	2000-12-20
1296	佐藤のあ	Noa Satou	1999-09-04
1401	住田のあ	Noa Sumita	1995-03-26
38	相沢のどか	Nodoka Aizawa
1036	夏実のえる	Noeru Natsumi
1077	のん	Non
635	児玉のんの	Nonno Kodama	2003-06-03
596	木之下のの	Nono Kinoshita	1995-10-26
621	木嶋のりこ	Noriko Kijima
1065	西山乃利子	Noriko Nishiyama	2000-05-29
1081	希	Nozomi
1080	希望	Nozomi	1995-03-20
1082	のぞみ	Nozomi
1083	のぞみ	Nozomi
344	藤森望	Nozomi Fujimori	1993-04-24
310	星野希	Nozomi Hoshino	1999-11-05
1429	高田望	Nozomi Takada	1995-03-10
200	花沢おとは	Otoha Hanazawa
1172	パトリシア	Patricia
1505	丹沢ぷね	Pune Tanzawa	1999-03-19
1173	らぶは	Rabuha
1204	冴己來歩	Raho Saeki	1998-09-23
513	神崎羅夢	Ramu Kanzaki
1479	玉川来夢	Ramu Tamagawa	1997-04-30
1174	らん	Ran
1016	七緒らん	Ran Nanao	1998-03-03
1275	佐々木らん	Ran Sasaki	2001-07-21
1370	白木らら	Rara Shiraki
1730	優木らら	Rara Yuuki
1867	篠原れあ	Rea Shinohara
514	管崎レエナ	Reena Kanzaki
20	愛川麗	Rei Aikawa	1990-05-23
140	朝水れい	Rei Asamizu	1997-09-30
321	ふかやれい	Rei Fukaya	1991-11-13
711	黒宮れい	Rei Kuromiya	2000-11-29
967	永倉れい	Rei Nagakura	1997-04-19
1460	高山れい	Rei Takayama
1671	山崎レイ	Rei Yamazaki	1997-12-09
979	中原レイア	Reia Nakahara
1175	Reika	Reika	1996-07-24
484	神条れいか	Reika Kamijou	2001-02-03
983	木ノ内玲香	Reika Kinouchi
1836	木内麗華	Reika Kiuchi
687	久保田麗香	Reika Kubota	1990-10-31
1015	七村麗華	Reika Nanamura
1176	れいな	Reina
54	秋山麗奈	Reina Akiyama	1994-02-16
340	藤井玲奈	Reina Fujii	1994-01-20
420	石川れいな	Reina Ishikawa	1996-05-02
558	河合玲奈	Reina Kawai	2000-06-20
1240	佐倉レイナ	Reina Sakura
1626	山田レイナ	Reina Yamada	1998-01-19
789	れみ	Remi
1178	れみ	Remi
1820	姫野れみ	Remi Himeno
783	松永麗未	Remi Matsunaga	1999-08-30
1005	仲座レミ	Remi Nakaza
1864	嶋田怜未	Remi Shimada
130	朝比奈恋	Ren Asahina	2000-01-25
134	浅川れん	Ren Asakawa
350	藤咲れん	Ren Fujisaki
1181	レナ	Rena
1180	れな	Rena
1179	れな	Rena
9	愛葉れな	Rena Aiba
79	蒼井玲奈	Rena Aoi	2003-06-22
160	綾瀬レナ	Rena Ayase
1814	藤間玲奈	Rena Fujima
311	星野玲奈	Rena Hoshino	1996-11-30
760	増田怜奈	Rena Masuda	1994-01-14
780	松本伶奈	Rena Matsumoto	1991-04-26
1467	武田レナ	Rena Takeda
1878	上原れな	Rena Uehara
1182	れんほう	Renhou
927	百瀬れんか	Renka Momose
824	南蓮菜	Renna Minami	1998-10-16
1140	大森玲音	Renon Oomori	1999-02-26
1183	れお	Reo
1411	レオン	Reon
1829	岩田れおな	Reona Iwata
1400	杉山れおな	Reona Sugiyama	1999-10-30
1861	莉亜	Ria
493	兼平りあ	Ria Kanehira
1206	西明梨亜	Ria Saimyou	2010-01-15
1297	佐藤理亜	Ria Satou
1450	小鳥遊りあ	Ria Takanashi	2000-01-12
951	持田梨江	Rie Mochida	2000-06-21
948	守山理恵	Rie Moriyama	1994-11-17
1463	竹淵理恵	Rie Takebuchi
1535	戸内梨英	Rie Tonouchi	1993-11-10
1646	山本理恵	Rie Yamamoto	1990-11-11
32	藍谷莉穂	Riho Aitani	1993-07-27
139	浅見里穂	Riho Asami	1992-10-23
334	伏見莉穂	Riho Fushimi	2000-11-28
579	香山りほ	Riho Kayama	1994-12-22
610	岸波莉穂	Riho Kishinami	1992-04-23
899	水野りほ	Riho Mizuno	2000-10-25
919	茂木理甫	Riho Mogi
1050	新菜りほ	Riho Niina
477	紙谷リイ	Rii Kamiya
860	三浦璃那	Riina Miura	2000-03-25
431	一色里衣彩	Riisa Isshiki	1999-09-07
1184	里歌	Rika
106	荒井リカ	Rika Arai
572	川瀬理香	Rika Kawase	1992-04-06
618	木内リカ	Rika Kiuchi	1994-06-23
827	南田理香	Rika Minamida
928	桃瀬りか	Rika Momose
1169	尾崎理花	Rika Ozaki	1992-11-09
1327	瀬田理りか	Rika Setari
1436	高橋李佳	Rika Takahashi	1991-12-03
1390	須田理夏子	Rikako Suda	2002-07-20
1449	高村里香子	Rikako Takamura	1989-11-06
1627	山田りかこ	Rikako Yamada	1998-10-26
1660	山崎りかこ	Rikako Yamasaki	1993-07-15
247	りこ	Riko
1185	Riko	Riko
1685	りこ	Riko
336	双葉璃子	Riko Futaba
569	河西莉子	Riko Kawanishi	1996-12-09
582	香月梨子	Riko Kazuki	1998-09-13
681	小島莉子	Riko Kojima	1990-12-15
1188	りん	Rin
80	蒼井凛	Rin Aoi	1996-03-27
1835	川谷りん	Rin Kawatani
588	木村凛	Rin Kimura	1998-03-18
639	小池凛	Rin Koike	1993-02-11
804	美月りん	Rin Midsuki	1995-09-11
997	中野凜	Rin Nakano	1996-09-09
997	中野凛	Rin Nakano	1996-09-09
1352	篠宮りん	Rin Shinomiya	1992-06-14
1437	高橋凛	Rin Takahashi
1611	渡部りん	Rin Watanabe	2004-01-04
1693	吉田りん	Rin Yoshida
1186	りな	Rina	1997-09-21
1187	Rina	Rina
487	りな	Rina
175	遠藤りな	Rina Endou	1999-07-23
322	福井里奈	Rina Fukui	1999-12-12
229	橋本莉奈	Rina Hashimoto	1997-05-13
230	橋本里奈	Rina Hashimoto
250	日高里菜	Rina Hidaka	1994-06-15
515	神崎莉奈	Rina Kanzaki	2003-07-07
551	川口里奈	Rina Kawaguchi	1995-10-18
640	小池里奈	Rina Koike	1993-09-03
769	松田莉奈	Rina Matsuda
785	松野莉那	Rina Matsuno
935	森口理名	Rina Moriguchi	2004-03-27
1055	西樹里奈	Rina Nishiki
1063	西野里奈	Rina Nishino	1991-03-05
1335	島田理奈	Rina Shimada
1336	嶋村莉茉	Rina Shimamura
1342	下江梨菜	Rina Shimoe	2001-10-25
1344	下山莉菜	Rina Shimoyama	2001-09-19
1570	上原凛奈	Rina Uehara	1997-09-03
1189	凛夏	Rinka
633	小林凛花	Rinka Kobayashi	1999-11-25
961	村山琳香	Rinka Murayama	1999-02-24
1576	上野鈴華	Rinka Ueno	2000-10-05
936	森泉りの	Rino Moriizumi
1854	七瀬りの	Rino Nanase
1675	柳沢梨乃	Rino Yanagisawa	2001-03-11
1190	りお	Rio
359	井口梨央	Rio Iguchi	1993-11-13
876	宮園梨織	Rio Miyazono	2001-10-11
916	水谷里緒	Rio Mizutani
1226	坂本莉央	Rio Sakamoto	1995-06-06
1556	鶴田里緒	Rio Tsuruta	1995-07-11
1628	山田菜緒	Rio Yamada
491	神田リオン	Rion Kanda
1227	坂本りおん	Rion Sakamoto	1991-05-12
407	井坂里緒菜	Riona Isaka	2002-10-20
1843	松田りおな	Riona Matsuda
1508	立石梨礼	Rira Tateishi	2003-05-27
312	星野璃里	Riri Hoshino	1999-08-18
1656	月見里愛莉	Riri Yamanashi	2005-06-29
165	馬場梨里杏	Riria Baba	1993-12-18
668	香田りりい	Ririi Kouda	2000-07-15
1191	梨々香	Ririka	2006-07-26
97	青山りりか	Ririka Aoyama	1999-04-14
716	胡桃梨々花	Ririka Kurumi	2007-02-27
1412	鈴木リリカ	Ririka Suzuki	1991-07-02
277	広瀬リリナ	Ririna Hirose	1996-02-06
55	秋山莉沙	Risa Akiyama	1990-03-14
138	麻倉梨沙	Risa Asakura	1997-08-01
222	長谷川利紗	Risa Hasegawa
403	井上梨紗	Risa Inoue	1993-07-23
516	神咲りさ	Risa Kanzaki
781	松本理沙	Risa Matsumoto
825	南リサ	Risa Minami
1046	新原里彩	Risa Niihara	1998-06-11
1099	おかばな梨沙	Risa Okabana
1228	坂本梨紗	Risa Sakamoto	1989-11-17
1413	鈴木梨紗	Risa Suzuki	1997-12-29
1414	鈴木李沙	Risa Suzuki
1443	高井里紗	Risa Takai	1994-10-28
1647	山本梨沙	Risa Yamamoto	1991-07-16
147	麻生梨里子	Risako Asou	1994-10-18
682	小島里彩子	Risako Kojima	1999-07-07
1018	七星りさこ	Risako Nanase	1998-07-11
1697	りた	Rita
1612	渡辺りつ	Ritsu Watanabe	1996-01-11
293	堀内梨弥子	Riyako Horiuchi	1989-06-30
243	早瀬琉愛	Rua Hayase	2000-09-01
719	来栖るい	Rui Kurusu
1261	桜沢るい	Rui Sakurazawa
1192	るいか	Ruika	1996-01-05
861	三浦瑠奈	Ruina Miura	1994-04-02
700	倉田瑠夏	Ruka Kurata	1996-08-04
784	松永るか	Ruka Matsunaga	1991-09-15
753	丸海留希	Ruki Marumi	2001-12-24
423	石野瑠見	Rumi Ishino	2000-12-14
573	川瀬るみ	Rumi Kawase
709	黒瞳ルミ	Rumi Kurome	1985-09-29
1116	るな	Runa
161	綾瀬月	Runa Ayase	1998-04-11
298	星るな	Runa Hoshi	1994-11-14
517	神崎瑠奈	Runa Kanzaki
805	観月ルナ	Runa Midsuki	2000-06-16
811	見上瑠那	Runa Mikami	2001-09-16
889	水城るな	Runa Mizuki	1997-05-15
900	水野月	Runa Mizuno	1990-10-12
1107	岡田留奈	Runa Okada	1992-04-07
1506	田代ルナ	Runa Tashiro
1551	月嶋ルナ	Runa Tsukishima	1995-08-24
1193	るり	Ruri
81	蒼井瑠璃	Ruri Aoi
985	仲村瑠璃亜	Ruria Nakamura	1990-09-08
1830	海堂るりこ	Ruriko Kaidou
1194	るる	Ruru
1810	愛川るる	Ruru Aikawa
73	安西涼生	Ryou Anzai
497	金咲綾	Ryou Kanesaki
713	黒崎稜	Ryou Kurosaki	2001-01-06
890	水城稜	Ryou Mizuki	1993-07-26
1232	坂田涼	Ryou Sakata	1990-03-18
1333	しほの涼	Ryou Shihono	1991-09-07
1363	白井綾	Ryou Shirai	1992-09-24
1196	りょうか	Ryouka
1195	りょうか	Ryouka	1995-06-17
1218	坂部稜華	Ryouka Sakabe	1997-08-13
1613	渡辺椋香	Ryouka Watanabe	1997-09-05
107	荒井涼子	Ryouko Arai	1988-07-02
1372	白熊凌子	Ryouko Shirakuma
1571	上原涼子	Ryouko Uehara
1198	入江紗綾	Saaya Irie	1993-11-15
1818	聖さち	Sachi Hijiri
458	岩本幸	Sachi Iwamoto
917	水谷幸果	Sachika Mizutani	1999-11-16
1828	伊藤ちさと	Sachito Itou
21	愛川冴	Sae Aikawa	1991-11-08
46	赤坂沙絵	Sae Akasaka	1993-01-22
478	神谷紗英	Sae Kamiya
673	河野冴香	Saeka Kouno	1994-12-23
1348	篠原さえみ	Saemi Shinohara	1992-08-29
1124	小野彩香	Saika Ono	1988-08-31
1234	さき	Saki
331	船岡咲	Saki Funaoka	1993-03-02
290	堀江彩紀	Saki Horie
436	市川咲	Saki Ichikawa	1997-04-10
449	伊藤紗希	Saki Itou	1996-06-27
986	中村早希	Saki Nakamura	2001-09-07
1079	野尻沙希	Saki Nojiri	1990-04-20
1150	太田沙希	Saki Oota
1393	末吉咲輝	Saki Sueyoshi	1994-12-23
1461	高山咲	Saki Takayama	1994-08-02
1648	山本沙紀	Saki Yamamoto	1992-08-15
1652	山中咲希	Saki Yamanaka	1994-08-13
892	水越早紀子	Sakiko Mizukoshi
1536	遠江咲子	Sakiko Tooe
723	桑江咲菜	Sakina Kuwae	1992-05-06
1572	上奈紗空	Saku Uena
11	あいださくら	Sakura Aida
70	安奈さくら	Sakura Anna
209	原口さくら	Sakura Haraguchi	2006-02-20
692	工藤さくら	Sakura Kudou
1000	中谷さくら	Sakura Nakatani	1993-04-06
1503	谷山桜	Sakura Taniyama	2001-07-26
1568	植田さくら	Sakura Ueda	2003-03-03
1672	山崎サクラ	Sakura Yamazaki	2001-07-14
1259	桜子	Sakurako
658	近藤桜子	Sakurako Kondou	1992-02-04
1840	真木桜子	Sakurako Maki
1095	小川櫻子	Sakurako Ogawa	1991-08-28
281	聖紗奈	Sana Hijiri	1996-10-13
1039	根岸紗菜	Sana Negishi	1996-11-21
1561	土山紗那	Sana Tsuchiyama	1998-09-05
1135	宮脇早苗	Sanae Miyawaki	1998-11-08
589	木村紗緒里	Saori Kimura	1988-10-30
707	黒川さおり	Saori Kurokawa
1494	たなかさおり	Saori Tanaka	1989-03-07
49	秋元紗良	Sara Akimoto	1989-10-04
172	江波サラ	Sara Enami	1994-07-15
351	藤咲さら	Sara Fujisaki	1996-06-17
388	今井さら	Sara Imai	1991-01-12
1846	美吹サラ	Sara Mibuki
891	水城サラ	Sara Mizuki	1996-08-24
1126	小野寺沙羅	Sara Onodera	1996-11-28
600	桐嵯梨	Sari Kiri	1991-04-26
1649	山本サリ	Sari Yamamoto
376	池上紗理依	Sarii Ikegami	1995-10-19
1279	さとこ	Satoko
1280	さとみ	Satomi
421	石川さとみ	Satomi Ishikawa	1995-01-27
1283	さとね	Satone
1284	さとり	Satori	1992-10-21
231	橋本皐月	Satsuki Hashimoto	1999-12-03
1214	斉藤さつき	Satsuki Saitou
1483	田村さわこ	Sawako Tamura	1999-12-22
546	加藤彩弥	Saya Katou	2000-01-10
931	森彩	Saya Mori	1997-07-14
962	室谷沙耶	Saya Muroya	1994-01-12
1309	さやか	Sayaka
1310	さやか	Sayaka
1307	さやか	Sayaka	2002-09-14
1308	さやか	Sayaka	1995-12-27
98	青山沙也香	Sayaka Aoyama
441	一条さやか	Sayaka Ichijou	1999-04-15
358	井側さやか	Sayaka Igawa	1988-08-29
479	神谷さやか	Sayaka Kamiya
670	河本沙耶加	Sayaka Koumoto
932	森彩香	Sayaka Mori	1993-07-08
987	中村さやか	Sayaka Nakamura
1019	七星さやか	Sayaka Nanase	1993-11-17
1045	二瓶紗耶加	Sayaka Nihei	1992-12-08
1735	結崎さやか	Sayaka Yuuzaki	1989-05-19
724	桑田さよ	Sayo Kuwata	1998-07-04
1541	豊岡咲世子	Sayoko Toyooka	1990-07-04
279	久田紗弓	Sayumi Hisada
261	姫野沙由莉	Sayuri Himeno
559	可愛小百合	Sayuri Kawai	1989-05-15
1091	小笠原小百合	Sayuri Ogasawara
1504	丹野さゆり	Sayuri Tanno	1993-09-13
1673	山崎早百合	Sayuri Yamazaki	1989-05-24
1702	吉岡さゆり	Sayuri Yoshioka
1313	せいな	Seina
22	相川聖奈	Seina Aikawa	1996-04-10
1555	鶴巻星奈	Seina Tsurumaki	1998-10-18
1699	吉永せいな	Seina Yoshinaga	1997-06-26
1377	白山せいの	Seino Shiroyama
1816	後藤聖良	Seira Gotou
248	林清羅	Seira Hayashi	1991-08-07
313	星野せいら	Seira Hoshino	1997-03-25
314	星野聖良	Seira Hoshino	1991-02-09
693	工藤せいら	Seira Kudou	1994-10-03
1320	世那	Sena	1986-12-24
1032	夏川瀬奈	Sena Natsukawa
1157	大塚聖捺	Sena Ootsuka	1996-07-21
82	青井せら	Sera Aoi	2003-05-20
1530	戸松世良	Sera Tomatsu
1322	せり	Seri
1851	永山せりあ	Seria Nagayama
318	深田芹菜	Serina Fukada	1997-07-10
933	森芹菜	Serina Mori	1993-04-16
968	長野せりな	Serina Nagano	1994-09-29
1326	せしる	Seshiru
988	中村シェリ	Sheri Nakamura	1997-10-15
346	藤野志穂	Shiho Fujino	1999-03-16
1241	さくらしほ	Shiho Sakura	1990-04-20
1544	津川志穂	Shiho Tsugawa	1991-09-06
1667	山浦志保	Shiho Yamaura	1992-02-04
1249	桜木しいな	Shiina Sakuragi	1994-07-11
1495	田中詩乃	Shino Tanaka	1991-06-19
1579	上島志乃	Shino Ueshima
1358	しおん	Shion
377	池本紫苑	Shion Ikemoto
393	井本汐音	Shione Imoto	1998-06-02
1359	しおり	Shiori
1360	しおり	Shiori
57	天美しおり	Shiori Amami	1993-03-24
1815	藤間詩織	Shiori Fujima
251	日高栞	Shiori Hidaka	1991-04-13
526	笠原詩織	Shiori Kasahara	1994-12-07
771	松川栞	Shiori Matsukawa	1995-02-28
1070	丹羽紫央里	Shiori Niwa	1994-06-23
1515	辰見栞	Shiori Tatsumi
529	柏静香	Shizuka Kashiwa	1990-11-28
874	宮沢静香	Shizuka Miyazawa	1992-05-11
1582	梅本静香	Shizuka Umemoto	1993-05-23
744	真野しずく	Shizuku Mano	1996-11-13
1418	鈴野雫	Shizuku Suzuno	1997-09-03
1419	しょうこ	Shouko
343	藤松祥子	Shouko Fujimatsu	1993-10-12
580	加山しょうこ	Shouko Kayama	1993-08-29
791	松坂祥子	Shouko Matsuzaka	1990-05-04
634	小林珠莉	Shuri Kobayashi	1992-02-29
1387	外原朱梨	Shuri Sotohara	1998-12-12
1425	多田しゅり	Shuri Tada
1857	小栗その	Sono Oguri
754	丸瀬苑子	Sonoko Maruse	1997-02-12
901	みずのそら	Sora Mizuno
1849	持田そら	Sora Mochida
1860	大澤そら	Sora Oosawa
772	松川黎子	Souko Matsukawa	1992-03-05
1380	染谷水香	Suika Someya
207	田村すみえ	Sumie Tamura
214	春川すみれ	Sumire Harukawa	1999-03-05
560	河合すみれ	Sumire Kawai	2001-09-06
998	中野紫咲	Sumire Nakano	2000-03-15
1403	朱咲	Suzaku
108	新井すず	Suzu Arai	2001-03-30
1066	西山すず	Suzu Nishiyama	1994-10-29
450	伊東涼々夏	Suzuka Itou
944	森田涼花	Suzuka Morita	1992-09-07
1378	宍倉鈴華	Suzuka Shishikura	1999-11-28
60	雨宮鈴実	Suzumi Amamiya
1445	たかこ	Takako
364	飯村貴子	Takako Iimura	1998-10-07
162	彩月貴央	Takaou Ayatsuki	1990-10-23
902	水野たまえ	Tamae Mizuno	1998-12-07
1563	辻珠瑛	Tamae Tsuji	1998-10-18
176	遠藤珠美	Tamami Endou	1993-03-23
1509	館野珠代	Tamayo Tateno	1995-02-20
109	新井ティアラ	Thiara Arai	2004-05-27
1525	とあ	Toa
1653	山中知恵	Tomoe Yamanaka	1995-01-16
1823	細田朋華	Tomoka Hosoda
708	黒川智花	Tomoka Kurokawa	1989-08-01
956	本橋智子	Tomoko Motohashi
1674	山崎智子	Tomoko Yamazaki	1989-09-11
561	河井ともみ	Tomomi Kawai	2004-12-17
1113	岡島ともみ	Tomomi Okajima	2000-02-10
1233	坂田知美	Tomomi Sakata	1990-03-02
1438	高橋修美	Tomomi Takahashi	1989-07-06
1533	朋奈	Tomona	1994-06-03
485	鴨下俊美	Toshimi Kamoshita
703	栗原つばさ	Tsubasa Kurihara
1684	安井都々美	Tsudsumi Yasui	1995-12-13
518	神前つかさ	Tsukasa Kanzaki
971	長瀬月渚	Tsukina Nagase	1997-07-17
637	古賀うき乃	Ukino Koga
503	鹿野うきや	Ukiya Kano
1586	うみ	Umi
1583	うみ	Umi
437	市川うみ	Umi Ichikawa	1999-07-20
110	新井うみの	Umino Arai	1997-08-12
1587	不明	Unknown
190	萩原うらら	Urara Hagihara	1996-09-18
1740	ゆずき麗	Urara Yuzuki	2000-02-01
255	柊宇咲	Usa Hiiragi	2003-04-27
451	伊藤歌	Uta Itou	1998-03-19
1098	岡詩乃	Utano Oka	2001-01-25
39	相沢和花	Waka Aizawa	1994-08-02
1026	成田和香	Waka Narita	1990-01-29
782	わかな	Wakana
382	生田若菜	Wakana Ikuta
1546	月森わかな	Wakana Tsukimori	1995-11-01
1698	吉村わかな	Wakana Yoshimura	2002-10-10
1376	白鳥わこ	Wako Shiratori	1995-02-22
1143	大野弥子	Yako Oono	1997-06-05
1514	橘よしえ	Yoshie Tachibana	1993-04-25
1256	桜井愛乃	Yoshino Sakurai
615	北野四葉	Yotsuba Kitano
1650	山本耀	You Yamamoto
949	森山洋子	Youko Moriyama
1319	瀬名ようこ	Youko Sena
316	堀田侑愛	Yua Hotta
1197	領家ゆあ	Yua Ryouke	1992-07-16
1242	咲良ゆあ	Yua Sakura	2002-04-15
315	星野悠月	Yudsuki Hoshino	1995-12-23
1306	沢山ゆづき	Yudsuki Sawayama	1999-01-21
1439	高橋祐月	Yudsuki Takahashi
1468	ゆい	Yui
51	秋野結	Yui Akino	1990-04-15
56	秋山結依	Yui Akiyama
117	有岡ゆい	Yui Arioka	1992-11-13
434	苺佑依	Yui Ichigo	1995-12-22
530	柏木佑井	Yui Kashiwagi	1998-09-30
641	小池唯	Yui Koike	1991-04-04
646	小松唯	Yui Komatsu	1998-10-09
688	久保田夢唯	Yui Kubota
797	目白ゆい	Yui Mejiro
923	桃川ゆい	Yui Momokawa
1096	小川祐依	Yui Ogawa	1991-11-08
1215	齋藤結	Yui Saitou	1998-07-23
1301	澤田祐衣	Yui Sawada	1990-04-12
1440	高橋結衣	Yui Takahashi	1993-03-07
1594	内田由衣	Yui Uchida	1991-03-13
1614	渡辺ゆい	Yui Watanabe	1996-12-07
1654	山中結衣	Yui Yamanaka	1998-10-03
806	美月唯花	Yuika Midsuki	2001-04-10
1366	白石唯花	Yuika Shiraishi	1999-06-30
501	菅野佑衣子	Yuiko Kanno
583	木戸結菜	Yuina Kido	1998-03-04
828	源結菜	Yuina Minamoto	2000-08-16
405	伊良波結乃	Yuino Iraha
1216	斉藤友以乃	Yuino Saitou	1988-08-10
1706	Yuka	Yuka
272	平尾由香	Yuka Hirao
273	平澤優花	Yuka Hirasawa	1989-12-02
295	保坂由香	Yuka Hosaka
361	飯田ゆか	Yuka Iida	1997-12-20
426	磯部友香	Yuka Isobe	1990-10-03
869	宮下ゆか	Yuka Miyashita
909	水沢友香	Yuka Mizusawa
1069	新田結花	Yuka Nitta	1996-03-29
1257	桜井結花	Yuka Sakurai	1993-05-15
1545	塚本結花	Yuka Tsukamoto
1629	山田悠香	Yuka Yamada
1638	山口結花	Yuka Yamaguchi	1989-10-09
294	堀脇友加里	Yukari Horiwaki	1990-09-21
863	深浦ゆかり	Yukari Miura	1998-09-27
965	長畑有香里	Yukari Nagahata
981	中井ゆかり	Yukari Nakai	1992-07-07
1125	小野由可里	Yukari Ono	1994-11-02
1712	ゆき	Yuki
1708	ゆき	Yuki
5	安達ゆき	Yuki Adachi	1995-02-23
375	池田由季	Yuki Ikeda
502	閑野有紀	Yuki Kanno	1997-12-16
1655	山中ゆき	Yuki Yamanaka	1996-02-08
770	松田雪愛	Yukia Matsuda	1999-10-30
1709	YUKIE	Yukie
1710	ゆきえ	Yukie
241	早坂由紀恵	Yukie Hayasaka
1396	杉林志佳	Yukika Sugibayashi	1989-02-08
1711	ゆきな	Yukina
1845	松嶋友貴奈	Yukina Matsushima
549	川出ゆま	Yuma Kawade
1850	永戸由真	Yuma Nagato
1243	さくらゆま	Yuma Sakura	1997-05-17
47	秋月ゆめ	Yume Akidsuki
302	星川優夢	Yume Hoshikawa	2003-03-22
1160	大空由萌	Yume Oozora	1999-03-16
1217	斉藤結女	Yume Saitou
1298	佐藤夢	Yume Satou	1995-05-15
1357	新庄夢	Yume Shinjou
84	あおい夢叶	Yumeka Aoi	1999-07-07
319	深海夢香	Yumeka Fukami	1999-11-26
547	加藤夢華	Yumeka Katou
761	増原夢華	Yumeka Masuhara	2003-10-23
1311	清家ゆめか	Yumeka Seike	2000-12-27
1553	綱山ゆめみ	Yumemi Tsunayama	2003-03-30
1639	山口夢奈	Yumena Yamaguchi	1994-08-25
826	南夢乃	Yumeno Minami
1694	吉田夢乃	Yumeno Yoshida	1992-10-14
414	石原裕美	Yumi Ishihara	1990-05-01
1496	田中優美	Yumi Tanaka
959	村上優美帆	Yumiho Murakami
1716	ゆみか	Yumika
1219	坂越由実子	Yumiko Sakagoshi	1989-03-22
807	美月ゆん	Yun Midsuki
101	新垣由奈	Yuna Aragaki
565	川本ゆな	Yuna Kawamoto	1999-08-07
843	美咲ゆな	Yuna Misaki	1993-01-07
954	望月ゆな	Yuna Mochidsuki	1993-10-08
1263	山王ゆな	Yuna Sannou	1998-04-01
1367	白石夢来	Yura Shiraishi	2002-06-17
1721	ゆり	Yuri
210	原崎優里	Yuri Harasaki
590	木村百合	Yuri Kimura	1988-08-07
683	小島由梨	Yuri Kojima	1990-11-23
914	水島ゆり	Yuri Mizushima	2002-10-29
1004	中山ユリ	Yuri Nakayama	1995-12-30
1304	沢井ゆり	Yuri Sawai	1999-01-14
1866	篠田優季	Yuri Shinoda
1349	篠原ゆり	Yuri Shinohara
1873	高瀬ゆり	Yuri Takase
1615	渡辺友梨	Yuri Watanabe	1989-08-07
91	青木ゆり亜	Yuria Aoki	1993-04-21
604	桐野ゆりあ	Yuria Kirino	1998-09-07
1371	白木悠吏阿	Yuria Shiraki	2000-03-07
1719	ゆりえ	Yurie
1720	ゆりえ	Yurie
1022	南郷裕利恵	Yurie Nangou	1990-05-09
1811	相沢ゆりか	Yurika Aizawa
262	姫咲友梨香	Yurika Himesaki	1993-03-17
452	伊藤ゆりか	Yurika Itou	1994-12-26
662	小沼友里香	Yurika Konuma
950	森山悠里加	Yurika Moriyama	1995-07-26
990	中根由里加	Yurika Nakane
1722	佐藤由梨香	Yurika Satou	1993-03-13
1683	安原百合香	Yurika Yasuhara	1989-11-28
128	浅田由里菜	Yurina Asada	1986-04-22
404	井上優里菜	Yurina Inoue	1988-11-30
1258	櫻井ゆりな	Yurina Sakurai	1992-04-13
1616	渡辺優莉菜	Yurina Watanabe	1997-06-04
1731	ゆう	Yuu
1723	優	Yuu
68	安藤優	Yuu Andou	1994-08-23
326	福永ゆう	Yuu Fukunaga	1989-07-12
223	長谷川優	Yuu Hasegawa
474	上村ゆう	Yuu Kamimura	2000-06-07
605	桐崎ゆう	Yuu Kirisaki	2002-05-15
643	駒井ゆう	Yuu Komai
817	美奈月ゆう	Yuu Minadsuki	1998-05-01
1200	三枝ゆう	Yuu Saegusa
453	伊藤ゆうひ	Yuuhi Itou
1725	ゆうか	Yuuka
1724	優香	Yuuka
1742	常保優花	Yuuka Jouho	1997-08-30
563	川上優香	Yuuka Kawakami	2000-07-06
674	河野ゆうか	Yuuka Kouno
1131	大橋優花	Yuuka Oohashi	1997-07-13
1569	上田祐華	Yuuka Ueda
31	相坂柚希	Yuuki Aisaka	1994-06-18
278	広瀬優希	Yuuki Hirose
989	中村由季	Yuuki Nakamura	1989-12-18
1136	大窪優希	Yuuki Ookubo	1987-02-22
1355	篠島祐希	Yuuki Shinojima	1996-06-29
1458	高杉優樹	Yuuki Takasugi	1994-06-28
763	増元裕子	Yuuko Masumoto	1993-06-01
1149	大島優子	Yuuko Ooshima	1988-10-17
1732	優美	Yuumi	1990-11-05
1733	ゆうみ	Yuumi	1997-12-11
299	星ゆうみ	Yuumi Hoshi
937	森川優美	Yuumi Morikawa
1417	鈴木ゆうみ	Yuumi Suzuki
1444	高木悠未	Yuumi Takaki
1500	谷口祐未	Yuumi Taniguchi
1145	大沢結夢	Yuumu Oosawa	1994-01-22
48	秋月友菜	Yuuna Akidsuki	1991-08-28
111	荒井佑奈	Yuuna Arai	2003-12-25
168	堂本優奈	Yuuna Doumoto	1991-08-27
188	葉月ユウナ	Yuuna Hadsuki
198	花咲優奈	Yuuna Hanasaki	1990-04-03
910	水沢優那	Yuuna Mizusawa
945	守田祐菜	Yuuna Morita	1995-12-27
1020	七瀬優菜	Yuuna Nanase	1997-06-18
1144	大崎由菜	Yuuna Oosaki	1992-08-08
1332	渋谷優奈	Yuuna Shibuya	1998-03-02
1368	白石ゆうな	Yuuna Shiraishi	1988-01-19
1388	外原裕菜	Yuuna Sotohara	1994-07-12
1282	里中優音	Yuune Satonaka
696	倉俣有乃	Yuuno Kuramata
268	日野友理	Yuuri Hino
1868	白咲柚	Yuzu Shirasaki
733	ゆずは	Yuzuha
232	橋本柚稀	Yuzuki Hashimoto	1993-04-14
454	伊藤ゆずき	Yuzuki Itou
